{
  "project_info": {
    "project_number": "294971062816",
    "project_id": "newrepbook",
    "storage_bucket": "newrepbook.appspot.com"
  },
  "client": [
    {
      "client_info": {
        "mobilesdk_app_id": "1:294971062816:android:2eea0c5e5abadd5bfb5a45",
        "android_client_info": {
          "package_name": "com.example.newrepbook"
        }
      },
      "oauth_client": [
        {
          "client_id": "294971062816-datidvl8q2d577hgmbkahmub3l2npd6a.apps.googleusercontent.com",
          "client_type": 1,
          "android_info": {
            "package_name": "com.example.newrepbook",
            "certificate_hash": "4a342aff76252a141d25238fda2d0fbabd3ab4ab"
          }
        },
        {
          "client_id": "294971062816-eeg0fu9o805q472hmvu37em2t6ssuao9.apps.googleusercontent.com",
          "client_type": 3
        }
      ],
      "api_key": [
        {
          "current_key": "AIzaSyCiZXbHnib2J14e9edmVCwG54wHdIe5DEE"
        }
      ],
      "services": {
        "appinvite_service": {
          "other_platform_oauth_client": [
            {
              "client_id": "294971062816-eeg0fu9o805q472hmvu37em2t6ssuao9.apps.googleusercontent.com",
              "client_type": 3
            }
          ]
        }
      }
    }
  ],
  "configuration_version": "1"
}